{"cls_report": {"0": {"precision": 0.8333333333333334, "recall": 0.2, "f1-score": 0.3225806451612903, "support": 25}, "1": {"precision": 0.5, "recall": 0.058823529411764705, "f1-score": 0.10526315789473684, "support": 17}, "2": {"precision": 0.47368421052631576, "recall": 0.14285714285714285, "f1-score": 0.21951219512195122, "support": 63}, "3": {"precision": 0.2826086956521739, "recall": 0.06951871657754011, "f1-score": 0.11158798283261803, "support": 187}, "4": {"precision": 0.8314993122420908, "recall": 0.9789473684210527, "f1-score": 0.8992190405355152, "support": 1235}, "accuracy": 0.8100851342501637, "macro avg": {"precision": 0.5842251103507828, "recall": 0.29002935145350006, "f1-score": 0.3316326043092223, "support": 1527}, "weighted avg": {"precision": 0.7458578358234642, "recall": 0.8100851342501637, "f1-score": 0.7564412088781837, "support": 1527}}, "confusion_matrix": [[5, 0, 1, 2, 17], [0, 1, 3, 1, 12], [1, 1, 9, 5, 47], [0, 0, 5, 13, 169], [0, 0, 1, 25, 1209]]}