{"cls_report": {"0": {"precision": 0.35714285714285715, "recall": 0.029940119760479042, "f1-score": 0.055248618784530384, "support": 167}, "1": {"precision": 0.08571428571428572, "recall": 0.022900763358778626, "f1-score": 0.03614457831325302, "support": 131}, "2": {"precision": 0.21304347826086956, "recall": 0.2094017094017094, "f1-score": 0.21120689655172412, "support": 468}, "3": {"precision": 0.25, "recall": 0.29952456418383516, "f1-score": 0.2725306416726749, "support": 631}, "4": {"precision": 0.2631578947368421, "recall": 0.09345794392523364, "f1-score": 0.13793103448275862, "support": 107}, "5": {"precision": 0.13089005235602094, "recall": 0.19120458891013384, "f1-score": 0.15540015540015542, "support": 523}, "6": {"precision": 0.31521739130434784, "recall": 0.3267605633802817, "f1-score": 0.3208852005532503, "support": 355}, "7": {"precision": 0.3157894736842105, "recall": 0.05263157894736842, "f1-score": 0.09022556390977443, "support": 114}, "8": {"precision": 0.5904059040590406, "recall": 0.46920821114369504, "f1-score": 0.5228758169934641, "support": 341}, "9": {"precision": 0.25, "recall": 0.12359550561797752, "f1-score": 0.16541353383458648, "support": 89}, "10": {"precision": 0.21895994028365265, "recall": 0.5, "f1-score": 0.3045509603737671, "support": 1760}, "11": {"precision": 0.3333333333333333, "recall": 0.14285714285714285, "f1-score": 0.2, "support": 147}, "12": {"precision": 0.4166666666666667, "recall": 0.033783783783783786, "f1-score": 0.06250000000000001, "support": 148}, "13": {"precision": 0.3627450980392157, "recall": 0.4884488448844885, "f1-score": 0.4163150492264417, "support": 606}, "14": {"precision": 0.05263157894736842, "recall": 0.008, "f1-score": 0.013888888888888888, "support": 125}, "15": {"precision": 0.2302158273381295, "recall": 0.13973799126637554, "f1-score": 0.1739130434782609, "support": 229}, "16": {"precision": 0.14213709677419356, "recall": 0.2073529411764706, "f1-score": 0.16866028708133973, "support": 680}, "17": {"precision": 0.40563991323210413, "recall": 0.41555555555555557, "f1-score": 0.4105378704720088, "support": 450}, "18": {"precision": 0.1879432624113475, "recall": 0.15273775216138327, "f1-score": 0.16852146263910966, "support": 347}, "19": {"precision": 0.3888888888888889, "recall": 0.06542056074766354, "f1-score": 0.11199999999999999, "support": 107}, "20": {"precision": 0.2554112554112554, "recall": 0.1861198738170347, "f1-score": 0.21532846715328469, "support": 317}, "21": {"precision": 0.37142857142857144, "recall": 0.2, "f1-score": 0.26, "support": 195}, "22": {"precision": 0.33418367346938777, "recall": 0.4517241379310345, "f1-score": 0.3841642228739003, "support": 870}, "23": {"precision": 0.11146496815286625, "recall": 0.08816120906801007, "f1-score": 0.09845288326300983, "support": 397}, "24": {"precision": 0.6405117270788913, "recall": 0.42597844583096994, "f1-score": 0.511667518310339, "support": 3526}, "25": {"precision": 0.26558265582655827, "recall": 0.3081761006289308, "f1-score": 0.2852983988355167, "support": 636}, "26": {"precision": 0.35185185185185186, "recall": 0.15637860082304528, "f1-score": 0.21652421652421658, "support": 243}, "27": {"precision": 0.358695652173913, "recall": 0.14732142857142858, "f1-score": 0.20886075949367092, "support": 224}, "28": {"precision": 0.30970149253731344, "recall": 0.32806324110671936, "f1-score": 0.3186180422264875, "support": 506}, "29": {"precision": 0.09876543209876543, "recall": 0.03827751196172249, "f1-score": 0.05517241379310345, "support": 209}, "30": {"precision": 0.5012722646310432, "recall": 0.616266944734098, "f1-score": 0.5528531337698784, "support": 959}, "31": {"precision": 0.136986301369863, "recall": 0.046948356807511735, "f1-score": 0.06993006993006992, "support": 213}, "32": {"precision": 0.35570469798657717, "recall": 0.24651162790697675, "f1-score": 0.29120879120879123, "support": 215}, "33": {"precision": 0.24413145539906103, "recall": 0.2913165266106443, "f1-score": 0.2656449553001277, "support": 357}, "34": {"precision": 0.465, "recall": 0.5688073394495413, "f1-score": 0.5116918844566712, "support": 981}, "35": {"precision": 0.10810810810810811, "recall": 0.0273972602739726, "f1-score": 0.04371584699453552, "support": 146}, "36": {"precision": 0.6744186046511628, "recall": 0.5272727272727272, "f1-score": 0.5918367346938775, "support": 385}, "37": {"precision": 0.08227848101265822, "recall": 0.04642857142857143, "f1-score": 0.0593607305936073, "support": 280}, "38": {"precision": 0.517945109078114, "recall": 0.4125560538116592, "f1-score": 0.4592823712948518, "support": 1784}, "39": {"precision": 0.19281045751633988, "recall": 0.15324675324675324, "f1-score": 0.170767004341534, "support": 385}, "40": {"precision": 0.2347266881028939, "recall": 0.21726190476190477, "f1-score": 0.22565687789799074, "support": 336}, "41": {"precision": 0.18421052631578946, "recall": 0.05303030303030303, "f1-score": 0.08235294117647059, "support": 264}, "accuracy": 0.34400801794492436, "macro avg": {"precision": 0.2929931646993895, "recall": 0.22642297714609322, "f1-score": 0.23516994920923628, "support": 20953}, "weighted avg": {"precision": 0.3708513732299896, "recall": 0.34400801794492436, "f1-score": 0.34002110298196386, "support": 20953}},