{"cls_report": {"0": {"precision": 0.3383233532934132, "recall": 0.5406698564593302, "f1-score": 0.41620626151012896, "support": 209}, "1": {"precision": 0.24789915966386555, "recall": 0.3089005235602094, "f1-score": 0.27505827505827507, "support": 191}, "2": {"precision": 0.13794266441821249, "recall": 0.6471518987341772, "f1-score": 0.22741173199888798, "support": 632}, "3": {"precision": 0.32629107981220656, "recall": 0.058674546222034614, "f1-score": 0.09946332737030411, "support": 2369}, "4": {"precision": 0.8760673897992153, "recall": 0.8397610795664037, "f1-score": 0.8575301204819278, "support": 13561}, "accuracy": 0.7138309161655465, "macro avg": {"precision": 0.3853047293973826, "recall": 0.479031580908431, "f1-score": 0.3751339432839048, "support": 16962}, "weighted avg": {"precision": 0.7580810945282812, "recall": 0.7138309161655465, "f1-score": 0.7161798160718498, "support": 16962}}, "confusion_matrix": [[113, 14, 44, 7, 31], [22, 59, 76, 2, 32], [25, 37, 409, 13, 148], [34, 36, 760, 139, 1400], [140, 92, 1676, 265, 11388]], "classes": [1, 2, 3, 4, 5], "time_taken": 106.76009273529053}