{"cls_report": {"0": {"precision": 0.1, "recall": 0.011976047904191617, "f1-score": 0.021390374331550804, "support": 167}, "1": {"precision": 0.125, "recall": 0.015267175572519083, "f1-score": 0.027210884353741496, "support": 131}, "2": {"precision": 0.27358490566037735, "recall": 0.06196581196581197, "f1-score": 0.10104529616724739, "support": 468}, "3": {"precision": 0.3306878306878307, "recall": 0.19809825673534073, "f1-score": 0.2477700693756194, "support": 631}, "4": {"precision": 0.06896551724137931, "recall": 0.018691588785046728, "f1-score": 0.02941176470588235, "support": 107}, "5": {"precision": 0.1875, "recall": 0.045889101338432124, "f1-score": 0.07373271889400922, "support": 523}, "6": {"precision": 0.4212328767123288, "recall": 0.3464788732394366, "f1-score": 0.3802163833075734, "support": 355}, "7": {"precision": 0.3902439024390244, "recall": 0.14035087719298245, "f1-score": 0.2064516129032258, "support": 114}, "8": {"precision": 0.4936708860759494, "recall": 0.34310850439882695, "f1-score": 0.40484429065743943, "support": 341}, "9": {"precision": 0.13157894736842105, "recall": 0.056179775280898875, "f1-score": 0.07874015748031496, "support": 89}, "10": {"precision": 0.3040909090909091, "recall": 0.3801136363636364, "f1-score": 0.3378787878787879, "support": 1760}, "11": {"precision": 0.26666666666666666, "recall": 0.05442176870748299, "f1-score": 0.0903954802259887, "support": 147}, "12": {"precision": 0.0, "recall": 0.0, "f1-score": 0.0, "support": 148}, "13": {"precision": 0.4522111269614836, "recall": 0.523102310231023, "f1-score": 0.48508033664881406, "support": 606}, "14": {"precision": 0.10344827586206896, "recall": 0.024, "f1-score": 0.03896103896103896, "support": 125}, "15": {"precision": 0.21739130434782608, "recall": 0.08733624454148471, "f1-score": 0.12461059190031151, "support": 229}, "16": {"precision": 0.19148936170212766, "recall": 0.013235294117647059, "f1-score": 0.02475928473177441, "support": 680}, "17": {"precision": 0.40369393139841686, "recall": 0.34, "f1-score": 0.3691194209891435, "support": 450}, "18": {"precision": 0.2169811320754717, "recall": 0.06628242074927954, "f1-score": 0.10154525386313466, "support": 347}, "19": {"precision": 0.3333333333333333, "recall": 0.028037383177570093, "f1-score": 0.05172413793103448, "support": 107}, "20": {"precision": 0.3287671232876712, "recall": 0.07570977917981073, "f1-score": 0.12307692307692308, "support": 317}, "21": {"precision": 0.4126984126984127, "recall": 0.13333333333333333, "f1-score": 0.20155038759689922, "support": 195}, "22": {"precision": 0.3290386521308226, "recall": 0.3816091954022989, "f1-score": 0.35337945715806285, "support": 870}, "23": {"precision": 0.10606060606060606, "recall": 0.017632241813602016, "f1-score": 0.030237580993520523, "support": 397}, "24": {"precision": 0.37732962447844226, "recall": 0.7694271128757799, "f1-score": 0.5063456513624487, "support": 3526}, "25": {"precision": 0.37272727272727274, "recall": 0.19339622641509435, "f1-score": 0.25465838509316774, "support": 636}, "26": {"precision": 0.42424242424242425, "recall": 0.1728395061728395, "f1-score": 0.2456140350877193, "support": 243}, "27": {"precision": 0.45614035087719296, "recall": 0.23214285714285715, "f1-score": 0.3076923076923077, "support": 224}, "28": {"precision": 0.4332425068119891, "recall": 0.3142292490118577, "f1-score": 0.3642611683848797, "support": 506}, "29": {"precision": 0.12, "recall": 0.014354066985645933, "f1-score": 0.025641025641025644, "support": 209}, "30": {"precision": 0.4765886287625418, "recall": 0.59436913451512, "f1-score": 0.5290023201856148, "support": 959}, "31": {"precision": 0.1, "recall": 0.018779342723004695, "f1-score": 0.0316205533596838, "support": 213}, "32": {"precision": 0.3383458646616541, "recall": 0.20930232558139536, "f1-score": 0.25862068965517243, "support": 215}, "33": {"precision": 0.36099585062240663, "recall": 0.24369747899159663, "f1-score": 0.2909698996655518, "support": 357}, "34": {"precision": 0.4590294351630867, "recall": 0.5881753312945973, "f1-score": 0.515638963360143, "support": 981}, "35": {"precision": 0.06451612903225806, "recall": 0.0136986301369863, "f1-score": 0.022598870056497175, "support": 146}, "36": {"precision": 0.5348837209302325, "recall": 0.35844155844155845, "f1-score": 0.42923794712286156, "support": 385}, "37": {"precision": 0.1111111111111111, "recall": 0.02857142857142857, "f1-score": 0.04545454545454545, "support": 280}, "38": {"precision": 0.3879148403256105, "recall": 0.6945067264573991, "f1-score": 0.49779027721976704, "support": 1784}, "39": {"precision": 0.2549019607843137, "recall": 0.033766233766233764, "f1-score": 0.059633027522935776, "support": 385}, "40": {"precision": 0.28125, "recall": 0.1875, "f1-score": 0.225, "support": 336}, "41": {"precision": 0.1, "recall": 0.015151515151515152, "f1-score": 0.026315789473684213, "support": 264}, "accuracy": 0.37612752350498735, "macro avg": {"precision": 0.2819417957698015, "recall": 0.19155162724441824, "f1-score": 0.20331494501119152, "support": 20953}, "weighted avg": {"precision": 0.3341406612732672, "recall": 0.37612752350498735, "f1-score": 0.3213229472556265, "support": 20953}},