{"cls_report": {"0": {"precision": 0.1977077363896848, "recall": 0.33014354066985646, "f1-score": 0.24731182795698925, "support": 209}, "1": {"precision": 0.029850746268656716, "recall": 0.010471204188481676, "f1-score": 0.01550387596899225, "support": 191}, "2": {"precision": 0.10172026925953627, "recall": 0.6455696202531646, "f1-score": 0.17574843850958433, "support": 632}, "3": {"precision": 0.4024390243902439, "recall": 0.013929928239763613, "f1-score": 0.026927784577723376, "support": 2369}, "4": {"precision": 0.8622018790652854, "recall": 0.7917557702234348, "f1-score": 0.8254785884523717, "support": 13561}, "accuracy": 0.6631883032661243, "macro avg": {"precision": 0.31878393107468145, "recall": 0.35837401271494024, "f1-score": 0.2581941030931322, "support": 16962}, "weighted avg": {"precision": 0.7520933469166141, "recall": 0.6631883032661243, "f1-score": 0.6734954300883378, "support": 16962}}, "confusion_matrix": [[69, 3, 95, 0, 42], [9, 2, 112, 1, 67], [18, 3, 408, 4, 199], [42, 13, 873, 33, 1408], [211, 46, 2523, 44, 10737]], "classes": [1, 2, 3, 4, 5], "time_taken": 1.4205906391143799}