{"cls_report": {"0": {"precision": 0.0, "recall": 0.0, "f1-score": 0.0, "support": 167}, "1": {"precision": 0.0, "recall": 0.0, "f1-score": 0.0, "support": 131}, "2": {"precision": 0.3167420814479638, "recall": 0.14957264957264957, "f1-score": 0.2031930333817126, "support": 468}, "3": {"precision": 0.2809587217043941, "recall": 0.33438985736925514, "f1-score": 0.3053545586107091, "support": 631}, "4": {"precision": 0.45454545454545453, "recall": 0.04672897196261682, "f1-score": 0.08474576271186442, "support": 107}, "5": {"precision": 0.24382716049382716, "recall": 0.15105162523900573, "f1-score": 0.18654073199527743, "support": 523}, "6": {"precision": 0.37362637362637363, "recall": 0.28732394366197184, "f1-score": 0.3248407643312102, "support": 355}, "7": {"precision": 0.0, "recall": 0.0, "f1-score": 0.0, "support": 114}, "8": {"precision": 0.7717391304347826, "recall": 0.41642228739002934, "f1-score": 0.540952380952381, "support": 341}, "9": {"precision": 0.15384615384615385, "recall": 0.02247191011235955, "f1-score": 0.0392156862745098, "support": 89}, "10": {"precision": 0.22150227981761458, "recall": 0.5244318181818182, "f1-score": 0.31145604859119286, "support": 1760}, "11": {"precision": 1.0, "recall": 0.027210884353741496, "f1-score": 0.05298013245033112, "support": 147}, "12": {"precision": 0.0, "recall": 0.0, "f1-score": 0.0, "support": 148}, "13": {"precision": 0.3923900118906064, "recall": 0.5445544554455446, "f1-score": 0.4561161022805805, "support": 606}, "14": {"precision": 0.0, "recall": 0.0, "f1-score": 0.0, "support": 125}, "15": {"precision": 0.38, "recall": 0.08296943231441048, "f1-score": 0.13620071684587814, "support": 229}, "16": {"precision": 0.15441176470588236, "recall": 0.12352941176470589, "f1-score": 0.13725490196078433, "support": 680}, "17": {"precision": 0.5280898876404494, "recall": 0.31333333333333335, "f1-score": 0.39330543933054396, "support": 450}, "18": {"precision": 0.3563218390804598, "recall": 0.0893371757925072, "f1-score": 0.14285714285714285, "support": 347}, "19": {"precision": 0.0, "recall": 0.0, "f1-score": 0.0, "support": 107}, "20": {"precision": 0.34782608695652173, "recall": 0.10094637223974763, "f1-score": 0.15647921760391198, "support": 317}, "21": {"precision": 0.5789473684210527, "recall": 0.05641025641025641, "f1-score": 0.102803738317757, "support": 195}, "22": {"precision": 0.3009977827050998, "recall": 0.6241379310344828, "f1-score": 0.406133133881825, "support": 870}, "23": {"precision": 0.20408163265306123, "recall": 0.02518891687657431, "f1-score": 0.04484304932735426, "support": 397}, "24": {"precision": 0.6119741100323625, "recall": 0.5363017583664209, "f1-score": 0.5716444981862152, "support": 3526}, "25": {"precision": 0.36162361623616235, "recall": 0.3081761006289308, "f1-score": 0.33276740237691, "support": 636}, "26": {"precision": 0.5454545454545454, "recall": 0.09876543209876543, "f1-score": 0.16724738675958187, "support": 243}, "27": {"precision": 0.6666666666666666, "recall": 0.07142857142857142, "f1-score": 0.12903225806451613, "support": 224}, "28": {"precision": 0.3978494623655914, "recall": 0.2924901185770751, "f1-score": 0.33712984054669703, "support": 506}, "29": {"precision": 0.0, "recall": 0.0, "f1-score": 0.0, "support": 209}, "30": {"precision": 0.398688915375447, "recall": 0.6976016684045881, "f1-score": 0.5073947667804323, "support": 959}, "31": {"precision": 1.0, "recall": 0.004694835680751174, "f1-score": 0.009345794392523364, "support": 213}, "32": {"precision": 0.6170212765957447, "recall": 0.13488372093023257, "f1-score": 0.22137404580152673, "support": 215}, "33": {"precision": 0.38009049773755654, "recall": 0.23529411764705882, "f1-score": 0.29065743944636674, "support": 357}, "34": {"precision": 0.30560578661844484, "recall": 0.6890927624872579, "f1-score": 0.42342624491074227, "support": 981}, "35": {"precision": 0.0, "recall": 0.0, "f1-score": 0.0, "support": 146}, "36": {"precision": 0.7702127659574468, "recall": 0.4701298701298701, "f1-score": 0.5838709677419356, "support": 385}, "37": {"precision": 0.25, "recall": 0.0035714285714285713, "f1-score": 0.007042253521126761, "support": 280}, "38": {"precision": 0.4290361935746238, "recall": 0.5913677130044843, "f1-score": 0.49728965354701854, "support": 1784}, "39": {"precision": 0.33125, "recall": 0.13766233766233765, "f1-score": 0.19449541284403668, "support": 385}, "40": {"precision": 0.2953020134228188, "recall": 0.13095238095238096, "f1-score": 0.18144329896907216, "support": 336}, "41": {"precision": 0.2222222222222222, "recall": 0.007575757575757576, "f1-score": 0.014652014652014652, "support": 264}, "accuracy": 0.3726912613945497, "macro avg": {"precision": 0.34863932862450786, "recall": 0.1983333287428791, "f1-score": 0.20224013857727816, "support": 20953}, "weighted avg": {"precision": 0.3940725030556603, "recall": 0.3726912613945497, "f1-score": 0.3387705023402487, "support": 20953}},