{"cls_report": {"0": {"precision": 0.4618834080717489, "recall": 0.49282296650717705, "f1-score": 0.47685185185185186, "support": 209}, "1": {"precision": 0.4691358024691358, "recall": 0.19895287958115182, "f1-score": 0.27941176470588236, "support": 191}, "2": {"precision": 0.13517441860465115, "recall": 0.7357594936708861, "f1-score": 0.22838899803536344, "support": 632}, "3": {"precision": 0.4838709677419355, "recall": 0.02532714225411566, "f1-score": 0.04813477737665463, "support": 2369}, "4": {"precision": 0.8775011455628532, "recall": 0.8472826487722145, "f1-score": 0.8621271806415307, "support": 13561}, "accuracy": 0.7166607711354793, "macro avg": {"precision": 0.48551314849006494, "recall": 0.46002902615710906, "f1-score": 0.37898291452225663, "support": 16962}, "weighted avg": {"precision": 0.785146336556729, "recall": 0.7166607711354793, "f1-score": 0.7135190139806216, "support": 16962}}, "confusion_matrix": [[103, 4, 66, 0, 36], [14, 38, 106, 1, 32], [15, 11, 465, 5, 136], [11, 11, 887, 60, 1400], [80, 17, 1916, 58, 11490]], "classes": [1, 2, 3, 4, 5], "time_taken": 110.17836093902588}