{"cls_report": {"0": {"precision": 0.0, "recall": 0.0, "f1-score": 0.0, "support": 167}, "1": {"precision": 0.0, "recall": 0.0, "f1-score": 0.0, "support": 131}, "2": {"precision": 0.28662420382165604, "recall": 0.09615384615384616, "f1-score": 0.14400000000000002, "support": 468}, "3": {"precision": 0.29372937293729373, "recall": 0.2820919175911252, "f1-score": 0.2877930476960388, "support": 631}, "4": {"precision": 0.0, "recall": 0.0, "f1-score": 0.0, "support": 107}, "5": {"precision": 0.3333333333333333, "recall": 0.06883365200764818, "f1-score": 0.11410459587955625, "support": 523}, "6": {"precision": 0.4336734693877551, "recall": 0.23943661971830985, "f1-score": 0.30852994555353896, "support": 355}, "7": {"precision": 0.5, "recall": 0.008771929824561403, "f1-score": 0.017241379310344827, "support": 114}, "8": {"precision": 0.7052631578947368, "recall": 0.19648093841642228, "f1-score": 0.3073394495412844, "support": 341}, "9": {"precision": 0.2, "recall": 0.011235955056179775, "f1-score": 0.02127659574468085, "support": 89}, "10": {"precision": 0.4452247191011236, "recall": 0.18011363636363636, "f1-score": 0.2564724919093851, "support": 1760}, "11": {"precision": 1.0, "recall": 0.013605442176870748, "f1-score": 0.026845637583892617, "support": 147}, "12": {"precision": 0.0, "recall": 0.0, "f1-score": 0.0, "support": 148}, "13": {"precision": 0.4981132075471698, "recall": 0.43564356435643564, "f1-score": 0.46478873239436613, "support": 606}, "14": {"precision": 0.0, "recall": 0.0, "f1-score": 0.0, "support": 125}, "15": {"precision": 0.3333333333333333, "recall": 0.034934497816593885, "f1-score": 0.06324110671936758, "support": 229}, "16": {"precision": 0.10674157303370786, "recall": 0.027941176470588237, "f1-score": 0.044289044289044295, "support": 680}, "17": {"precision": 0.6504854368932039, "recall": 0.14888888888888888, "f1-score": 0.24231464737793854, "support": 450}, "18": {"precision": 0.26666666666666666, "recall": 0.069164265129683, "f1-score": 0.10983981693363845, "support": 347}, "19": {"precision": 0.0, "recall": 0.0, "f1-score": 0.0, "support": 107}, "20": {"precision": 0.44, "recall": 0.03470031545741325, "f1-score": 0.06432748538011696, "support": 317}, "21": {"precision": 0.6, "recall": 0.015384615384615385, "f1-score": 0.030000000000000002, "support": 195}, "22": {"precision": 0.16312056737588654, "recall": 0.6873563218390805, "f1-score": 0.263668430335097, "support": 870}, "23": {"precision": 0.25, "recall": 0.012594458438287154, "f1-score": 0.023980815347721823, "support": 397}, "24": {"precision": 0.6413342503438789, "recall": 0.5289279636982417, "f1-score": 0.5797326701896177, "support": 3526}, "25": {"precision": 0.33725490196078434, "recall": 0.27044025157232704, "f1-score": 0.300174520069808, "support": 636}, "26": {"precision": 0.7368421052631579, "recall": 0.05761316872427984, "f1-score": 0.1068702290076336, "support": 243}, "27": {"precision": 0.6153846153846154, "recall": 0.03571428571428571, "f1-score": 0.06751054852320676, "support": 224}, "28": {"precision": 0.5182926829268293, "recall": 0.16798418972332016, "f1-score": 0.25373134328358204, "support": 506}, "29": {"precision": 0.0, "recall": 0.0, "f1-score": 0.0, "support": 209}, "30": {"precision": 0.16674780915287243, "recall": 0.7142857142857143, "f1-score": 0.2703769488849418, "support": 959}, "31": {"precision": 1.0, "recall": 0.004694835680751174, "f1-score": 0.009345794392523364, "support": 213}, "32": {"precision": 0.7777777777777778, "recall": 0.06511627906976744, "f1-score": 0.12017167381974249, "support": 215}, "33": {"precision": 0.4114285714285714, "recall": 0.20168067226890757, "f1-score": 0.2706766917293233, "support": 357}, "34": {"precision": 0.2811133200795229, "recall": 0.7206931702344547, "f1-score": 0.4044622425629291, "support": 981}, "35": {"precision": 0.0, "recall": 0.0, "f1-score": 0.0, "support": 146}, "36": {"precision": 0.8051948051948052, "recall": 0.3220779220779221, "f1-score": 0.46011131725417437, "support": 385}, "37": {"precision": 0.5, "recall": 0.0035714285714285713, "f1-score": 0.0070921985815602835, "support": 280}, "38": {"precision": 0.3323369565217391, "recall": 0.6855381165919282, "f1-score": 0.4476573938506589, "support": 1784}, "39": {"precision": 0.5862068965517241, "recall": 0.04415584415584416, "f1-score": 0.0821256038647343, "support": 385}, "40": {"precision": 0.35789473684210527, "recall": 0.10119047619047619, "f1-score": 0.1577726218097448, "support": 336}, "41": {"precision": 0.22857142857142856, "recall": 0.030303030303030304, "f1-score": 0.05351170568561873, "support": 264}, "accuracy": 0.32267455734262396, "macro avg": {"precision": 0.37625452141251614, "recall": 0.15517427118935392, "f1-score": 0.1519375410834717, "support": 20953}, "weighted avg": {"precision": 0.414942265037592, "recall": 0.32267455734262396, "f1-score": 0.28551173529855445, "support": 20953}},