{"cls_report": {"0": {"precision": 0.48484848484848486, "recall": 0.3827751196172249, "f1-score": 0.42780748663101603, "support": 209}, "1": {"precision": 0.358974358974359, "recall": 0.2198952879581152, "f1-score": 0.27272727272727276, "support": 191}, "2": {"precision": 0.13385579937304076, "recall": 0.6756329113924051, "f1-score": 0.22344322344322348, "support": 632}, "3": {"precision": 0.41379310344827586, "recall": 0.005065428450823132, "f1-score": 0.01000834028356964, "support": 2369}, "4": {"precision": 0.8672461184161652, "recall": 0.8608509696925005, "f1-score": 0.864036710828214, "support": 13561}, "accuracy": 0.7213182407734937, "macro avg": {"precision": 0.4517435730120651, "recall": 0.42884394342221377, "f1-score": 0.35960460678265915, "support": 16962}, "weighted avg": {"precision": 0.7661534474125562, "recall": 0.7213182407734937, "f1-score": 0.7088568791820595, "support": 16962}}, "confusion_matrix": [[80, 5, 84, 1, 39], [10, 42, 104, 1, 34], [10, 10, 427, 0, 185], [12, 23, 793, 12, 1529], [53, 37, 1782, 15, 11674]], "classes": [1, 2, 3, 4, 5], "time_taken": 28.712189435958862}