{"cls_report": {"0": {"precision": 0.13157894736842105, "recall": 0.059880239520958084, "f1-score": 0.0823045267489712, "support": 167}, "1": {"precision": 0.06698564593301436, "recall": 0.10687022900763359, "f1-score": 0.08235294117647059, "support": 131}, "2": {"precision": 0.1388888888888889, "recall": 0.03205128205128205, "f1-score": 0.052083333333333336, "support": 468}, "3": {"precision": 0.25125628140703515, "recall": 0.07923930269413629, "f1-score": 0.12048192771084339, "support": 631}, "4": {"precision": 0.09433962264150944, "recall": 0.04672897196261682, "f1-score": 0.0625, "support": 107}, "5": {"precision": 0.09782608695652174, "recall": 0.017208413001912046, "f1-score": 0.02926829268292683, "support": 523}, "6": {"precision": 0.3117283950617284, "recall": 0.28450704225352114, "f1-score": 0.2974963181148748, "support": 355}, "7": {"precision": 0.07692307692307693, "recall": 0.41228070175438597, "f1-score": 0.1296551724137931, "support": 114}, "8": {"precision": 0.22363636363636363, "recall": 0.36070381231671556, "f1-score": 0.27609427609427606, "support": 341}, "9": {"precision": 0.0625, "recall": 0.21348314606741572, "f1-score": 0.09669211195928754, "support": 89}, "10": {"precision": 0.4020618556701031, "recall": 0.13295454545454546, "f1-score": 0.19982920580700259, "support": 1760}, "11": {"precision": 0.1336405529953917, "recall": 0.19727891156462585, "f1-score": 0.15934065934065936, "support": 147}, "12": {"precision": 0.03007518796992481, "recall": 0.02702702702702703, "f1-score": 0.028469750889679717, "support": 148}, "13": {"precision": 0.4386252045826514, "recall": 0.44224422442244227, "f1-score": 0.44042728019720623, "support": 606}, "14": {"precision": 0.0, "recall": 0.0, "f1-score": 0.0, "support": 125}, "15": {"precision": 0.13953488372093023, "recall": 0.026200873362445413, "f1-score": 0.044117647058823525, "support": 229}, "16": {"precision": 0.16806722689075632, "recall": 0.029411764705882353, "f1-score": 0.05006257822277847, "support": 680}, "17": {"precision": 0.24342105263157895, "recall": 0.16444444444444445, "f1-score": 0.19628647214854114, "support": 450}, "18": {"precision": 0.16470588235294117, "recall": 0.12103746397694524, "f1-score": 0.13953488372093026, "support": 347}, "19": {"precision": 0.23529411764705882, "recall": 0.037383177570093455, "f1-score": 0.06451612903225805, "support": 107}, "20": {"precision": 0.1822429906542056, "recall": 0.12302839116719243, "f1-score": 0.14689265536723164, "support": 317}, "21": {"precision": 0.12705530642750373, "recall": 0.4358974358974359, "f1-score": 0.19675925925925927, "support": 195}, "22": {"precision": 0.195618950585838, "recall": 0.4413793103448276, "f1-score": 0.2710907165548888, "support": 870}, "23": {"precision": 0.06060606060606061, "recall": 0.07556675062972293, "f1-score": 0.06726457399103139, "support": 397}, "24": {"precision": 0.6913887506222001, "recall": 0.393930799773114, "f1-score": 0.5018970189701897, "support": 3526}, "25": {"precision": 0.291970802919708, "recall": 0.06289308176100629, "f1-score": 0.1034928848641656, "support": 636}, "26": {"precision": 0.2972972972972973, "recall": 0.09053497942386832, "f1-score": 0.13880126182965302, "support": 243}, "27": {"precision": 0.28, "recall": 0.1875, "f1-score": 0.22459893048128343, "support": 224}, "28": {"precision": 0.3574766355140187, "recall": 0.30237154150197626, "f1-score": 0.32762312633832974, "support": 506}, "29": {"precision": 0.05434782608695652, "recall": 0.07177033492822966, "f1-score": 0.06185567010309278, "support": 209}, "30": {"precision": 0.42720510095642933, "recall": 0.4191866527632951, "f1-score": 0.42315789473684207, "support": 959}, "31": {"precision": 0.1099290780141844, "recall": 0.14553990610328638, "f1-score": 0.12525252525252525, "support": 213}, "32": {"precision": 0.16906474820143885, "recall": 0.2186046511627907, "f1-score": 0.1906693711967546, "support": 215}, "33": {"precision": 0.17833333333333334, "recall": 0.29971988795518206, "f1-score": 0.22361546499477536, "support": 357}, "34": {"precision": 0.47484662576687114, "recall": 0.3944954128440367, "f1-score": 0.4309576837416481, "support": 981}, "35": {"precision": 0.051587301587301584, "recall": 0.2671232876712329, "f1-score": 0.08647450110864745, "support": 146}, "36": {"precision": 0.2573099415204678, "recall": 0.34285714285714286, "f1-score": 0.29398663697104677, "support": 385}, "37": {"precision": 0.06347150259067358, "recall": 0.175, "f1-score": 0.09315589353612168, "support": 280}, "38": {"precision": 0.410828025477707, "recall": 0.5061659192825112, "f1-score": 0.45354093420391767, "support": 1784}, "39": {"precision": 0.14545454545454545, "recall": 0.02077922077922078, "f1-score": 0.03636363636363636, "support": 385}, "40": {"precision": 0.2069767441860465, "recall": 0.2648809523809524, "f1-score": 0.23237597911227154, "support": 336}, "41": {"precision": 0.07629558541266794, "recall": 0.6022727272727273, "f1-score": 0.1354344122657581, "support": 264}, "accuracy": 0.2685057032405861, "macro avg": {"precision": 0.20286658158317503, "recall": 0.2055341418966376, "f1-score": 0.1742089175689459, "support": 20953}, "weighted avg": {"precision": 0.3379893129780032, "recall": 0.2685057032405861, "f1-score": 0.2727422953553722, "support": 20953}},