{"cls_report": {"0": {"precision": 0.05405405405405406, "recall": 0.27751196172248804, "f1-score": 0.0904836193447738, "support": 209}, "1": {"precision": 0.01904627539503386, "recall": 0.7068062827225131, "f1-score": 0.03709300728121995, "support": 191}, "2": {"precision": 0.08571428571428572, "recall": 0.19462025316455697, "f1-score": 0.11901306240928884, "support": 632}, "3": {"precision": 0.16709346991037133, "recall": 0.11017306880540312, "f1-score": 0.13279063851437292, "support": 2369}, "4": {"precision": 0.8947277739490007, "recall": 0.38293636162524886, "f1-score": 0.5363284275755229, "support": 13561}, "accuracy": 0.34017214951067093, "macro avg": {"precision": 0.24412717180454915, "recall": 0.334409585608042, "f1-score": 0.18314175102503566, "support": 16962}, "weighted avg": {"precision": 0.74273990904429, "recall": 0.34017214951067093, "f1-score": 0.4533040281375225, "support": 16962}}, "confusion_matrix": [[58, 116, 15, 10, 10], [13, 135, 16, 9, 18], [63, 340, 123, 44, 62], [143, 1170, 274, 261, 521], [796, 5327, 1007, 1238, 5193]], "classes": [1, 2, 3, 4, 5], "time_taken": 0.139146089553833}