{"cls_report": {"0": {"precision": 0.8928571428571429, "recall": 0.11961722488038277, "f1-score": 0.2109704641350211, "support": 209}, "1": {"precision": 0.0, "recall": 0.0, "f1-score": 0.0, "support": 191}, "2": {"precision": 0.16875981161695447, "recall": 0.680379746835443, "f1-score": 0.270440251572327, "support": 632}, "3": {"precision": 0.0, "recall": 0.0, "f1-score": 0.0, "support": 2369}, "4": {"precision": 0.8574308355345475, "recall": 0.9095936877811371, "f1-score": 0.8827423337030808, "support": 13561}, "accuracy": 0.7540384388633415, "macro avg": {"precision": 0.383809558001729, "recall": 0.3419181318993926, "f1-score": 0.27283060988208574, "support": 16962}, "weighted avg": {"precision": 0.7027993694424629, "recall": 0.7540384388633415, "f1-score": 0.7184223472081953, "support": 16962}}, "confusion_matrix": [[25, 0, 119, 0, 65], [2, 0, 149, 0, 40], [0, 0, 430, 0, 202], [0, 0, 625, 0, 1744], [1, 0, 1225, 0, 12335]], "classes": [1, 2, 3, 4, 5], "time_taken": 6.672688961029053}