{"cls_report": {"0": {"precision": 0.0, "recall": 0.0, "f1-score": 0.0, "support": 167}, "1": {"precision": 0.0, "recall": 0.0, "f1-score": 0.0, "support": 131}, "2": {"precision": 0.5714285714285714, "recall": 0.017094017094017096, "f1-score": 0.03319502074688797, "support": 468}, "3": {"precision": 0.4527027027027027, "recall": 0.10618066561014262, "f1-score": 0.17201540436456994, "support": 631}, "4": {"precision": 0.0, "recall": 0.0, "f1-score": 0.0, "support": 107}, "5": {"precision": 0.42857142857142855, "recall": 0.022944550669216062, "f1-score": 0.04355716878402904, "support": 523}, "6": {"precision": 0.47368421052631576, "recall": 0.05070422535211268, "f1-score": 0.0916030534351145, "support": 355}, "7": {"precision": 0.0, "recall": 0.0, "f1-score": 0.0, "support": 114}, "8": {"precision": 0.9375, "recall": 0.04398826979472141, "f1-score": 0.08403361344537816, "support": 341}, "9": {"precision": 0.0, "recall": 0.0, "f1-score": 0.0, "support": 89}, "10": {"precision": 0.4099722991689751, "recall": 0.16818181818181818, "f1-score": 0.23851732473811446, "support": 1760}, "11": {"precision": 0.0, "recall": 0.0, "f1-score": 0.0, "support": 147}, "12": {"precision": 0.0, "recall": 0.0, "f1-score": 0.0, "support": 148}, "13": {"precision": 0.574025974025974, "recall": 0.36468646864686466, "f1-score": 0.44601412714429867, "support": 606}, "14": {"precision": 0.0, "recall": 0.0, "f1-score": 0.0, "support": 125}, "15": {"precision": 0.0, "recall": 0.0, "f1-score": 0.0, "support": 229}, "16": {"precision": 0.19230769230769232, "recall": 0.007352941176470588, "f1-score": 0.014164305949008497, "support": 680}, "17": {"precision": 0.8611111111111112, "recall": 0.06888888888888889, "f1-score": 0.12757201646090535, "support": 450}, "18": {"precision": 0.0, "recall": 0.0, "f1-score": 0.0, "support": 347}, "19": {"precision": 0.0, "recall": 0.0, "f1-score": 0.0, "support": 107}, "20": {"precision": 1.0, "recall": 0.0031545741324921135, "f1-score": 0.006289308176100629, "support": 317}, "21": {"precision": 0.0, "recall": 0.0, "f1-score": 0.0, "support": 195}, "22": {"precision": 0.1488703923900119, "recall": 0.7195402298850575, "f1-score": 0.2466995073891626, "support": 870}, "23": {"precision": 0.0, "recall": 0.0, "f1-score": 0.0, "support": 397}, "24": {"precision": 0.5963669950738916, "recall": 0.5493477027793534, "f1-score": 0.5718925302627695, "support": 3526}, "25": {"precision": 0.6075268817204301, "recall": 0.17767295597484276, "f1-score": 0.2749391727493917, "support": 636}, "26": {"precision": 1.0, "recall": 0.02880658436213992, "f1-score": 0.056, "support": 243}, "27": {"precision": 0.0, "recall": 0.0, "f1-score": 0.0, "support": 224}, "28": {"precision": 0.6666666666666666, "recall": 0.08300395256916997, "f1-score": 0.1476274165202109, "support": 506}, "29": {"precision": 0.0, "recall": 0.0, "f1-score": 0.0, "support": 209}, "30": {"precision": 0.14670542635658915, "recall": 0.7893639207507821, "f1-score": 0.24742605000817128, "support": 959}, "31": {"precision": 0.0, "recall": 0.0, "f1-score": 0.0, "support": 213}, "32": {"precision": 1.0, "recall": 0.009302325581395349, "f1-score": 0.018433179723502304, "support": 215}, "33": {"precision": 0.6428571428571429, "recall": 0.05042016806722689, "f1-score": 0.09350649350649351, "support": 357}, "34": {"precision": 0.2250615763546798, "recall": 0.745158002038736, "f1-score": 0.345708205249468, "support": 981}, "35": {"precision": 0.0, "recall": 0.0, "f1-score": 0.0, "support": 146}, "36": {"precision": 0.9642857142857143, "recall": 0.07012987012987013, "f1-score": 0.1307506053268765, "support": 385}, "37": {"precision": 0.0, "recall": 0.0, "f1-score": 0.0, "support": 280}, "38": {"precision": 0.34782608695652173, "recall": 0.6547085201793722, "f1-score": 0.45429793854531314, "support": 1784}, "39": {"precision": 1.0, "recall": 0.0025974025974025974, "f1-score": 0.0051813471502590676, "support": 385}, "40": {"precision": 0.4, "recall": 0.005952380952380952, "f1-score": 0.011730205278592377, "support": 336}, "41": {"precision": 0.0, "recall": 0.0, "f1-score": 0.0, "support": 264}, "accuracy": 0.2913663914475254, "macro avg": {"precision": 0.3249397826786766, "recall": 0.11283762941463037, "f1-score": 0.09193223797510995, "support": 20953}, "weighted avg": {"precision": 0.4145433967359216, "recall": 0.2913663914475254, "f1-score": 0.23585831193433268, "support": 20953}},