{"cls_report": {"0.0": {"precision": 0.2623655913978495, "recall": 0.583732057416268, "f1-score": 0.36201780415430274, "support": 209}, "1.0": {"precision": 0.21794871794871795, "recall": 0.35602094240837695, "f1-score": 0.2703777335984095, "support": 191}, "2.0": {"precision": 0.13506231054227014, "recall": 0.634493670886076, "f1-score": 0.22271591224659817, "support": 632}, "3.0": {"precision": 0.2614562833848749, "recall": 0.39257070493879276, "f1-score": 0.3138710766115424, "support": 2369}, "4.0": {"precision": 0.9112744590537323, "recall": 0.6490671779367303, "f1-score": 0.7581395348837209, "support": 13561}, "accuracy": 0.6085956844711709, "macro avg": {"precision": 0.3576214724654889, "recall": 0.5231769107172488, "f1-score": 0.3854244122989147, "support": 16962}, "weighted avg": {"precision": 0.7757932359721438, "recall": 0.6085956844711709, "f1-score": 0.6657676652385496, "support": 16962}}, "confusion_matrix": [[122, 16, 45, 14, 12], [16, 68, 79, 16, 12], [21, 40, 401, 91, 79], [38, 66, 581, 930, 754], [268, 122, 1863, 2506, 8802]], "classes": [1, 2, 3, 4, 5], "time_taken": 11.891620397567749}