{"cls_report": {"0.0": {"precision": 0.25609756097560976, "recall": 0.4019138755980861, "f1-score": 0.3128491620111732, "support": 209}, "1.0": {"precision": 0.0, "recall": 0.0, "f1-score": 0.0, "support": 191}, "2.0": {"precision": 0.1500984251968504, "recall": 0.4825949367088608, "f1-score": 0.228978978978979, "support": 632}, "3.0": {"precision": 0.2004382761139518, "recall": 0.5791473195441115, "f1-score": 0.29780768395919255, "support": 2369}, "4.0": {"precision": 0.9167203815908211, "recall": 0.5243713590443183, "f1-score": 0.6671357538230603, "support": 13561}, "accuracy": 0.5230515269425775, "macro avg": {"precision": 0.30467092877544666, "recall": 0.3976054981790753, "f1-score": 0.301354315754481, "support": 16962}, "weighted avg": {"precision": 0.7696539303051166, "recall": 0.5230515269425775, "f1-score": 0.5873502270055947, "support": 16962}}, "confusion_matrix": [[84, 0, 78, 39, 8], [10, 0, 105, 65, 11], [16, 0, 305, 241, 70], [32, 0, 408, 1372, 557], [186, 0, 1136, 5128, 7111]], "classes": [1, 2, 3, 4, 5], "time_taken": 7.243338108062744}