{"cls_report": {"0.0": {"precision": 0.2084006462035541, "recall": 0.6172248803827751, "f1-score": 0.3115942028985507, "support": 209}, "1.0": {"precision": 0.21694915254237288, "recall": 0.33507853403141363, "f1-score": 0.2633744855967078, "support": 191}, "2.0": {"precision": 0.13177762525737818, "recall": 0.6075949367088608, "f1-score": 0.21658206429780033, "support": 632}, "3.0": {"precision": 0.22601431980906922, "recall": 0.39974672857745885, "f1-score": 0.288763531026071, "support": 2369}, "4.0": {"precision": 0.9113372093023255, "recall": 0.6010618685937615, "f1-score": 0.7243723616974005, "support": 13561}, "accuracy": 0.5703926423770782, "macro avg": {"precision": 0.33889579062294, "recall": 0.512141389658854, "f1-score": 0.3609373291033061, "support": 16962}, "weighted avg": {"precision": 0.7700948179065746, "recall": 0.5703926423770782, "f1-score": 0.6343356904710641, "support": 16962}}, "confusion_matrix": [[129, 17, 47, 7, 9], [29, 64, 73, 18, 7], [34, 41, 384, 98, 75], [70, 53, 597, 947, 702], [357, 120, 1813, 3120, 8151]], "classes": [1, 2, 3, 4, 5], "time_taken": 36.73832678794861}