{"cls_report": {"0.0": {"precision": 0.3018867924528302, "recall": 0.09580838323353294, "f1-score": 0.14545454545454545, "support": 167}, "1.0": {"precision": 0.09722222222222222, "recall": 0.05343511450381679, "f1-score": 0.06896551724137931, "support": 131}, "2.0": {"precision": 0.20175438596491227, "recall": 0.14743589743589744, "f1-score": 0.17037037037037037, "support": 468}, "3.0": {"precision": 0.3013182674199623, "recall": 0.25356576862123614, "f1-score": 0.2753872633390706, "support": 631}, "4.0": {"precision": 0.14814814814814814, "recall": 0.037383177570093455, "f1-score": 0.05970149253731343, "support": 107}, "5.0": {"precision": 0.1784776902887139, "recall": 0.13001912045889102, "f1-score": 0.15044247787610618, "support": 523}, "6.0": {"precision": 0.31715210355987056, "recall": 0.27605633802816903, "f1-score": 0.29518072289156627, "support": 355}, "7.0": {"precision": 0.1951219512195122, "recall": 0.07017543859649122, "f1-score": 0.1032258064516129, "support": 114}, "8.0": {"precision": 0.45429362880886426, "recall": 0.4809384164222874, "f1-score": 0.4672364672364672, "support": 341}, "9.0": {"precision": 0.1717171717171717, "recall": 0.19101123595505617, "f1-score": 0.18085106382978722, "support": 89}, "10.0": {"precision": 0.31897654584221746, "recall": 0.425, "f1-score": 0.3644336175395859, "support": 1760}, "11.0": {"precision": 0.2923076923076923, "recall": 0.1292517006802721, "f1-score": 0.17924528301886794, "support": 147}, "12.0": {"precision": 0.11627906976744186, "recall": 0.033783783783783786, "f1-score": 0.05235602094240838, "support": 148}, "13.0": {"precision": 0.4180327868852459, "recall": 0.504950495049505, "f1-score": 0.4573991031390135, "support": 606}, "14.0": {"precision": 0.0, "recall": 0.0, "f1-score": 0.0, "support": 125}, "15.0": {"precision": 0.18691588785046728, "recall": 0.17467248908296942, "f1-score": 0.18058690744920994, "support": 229}, "16.0": {"precision": 0.17662337662337663, "recall": 0.1, "f1-score": 0.12769953051643193, "support": 680}, "17.0": {"precision": 0.5335689045936396, "recall": 0.33555555555555555, "f1-score": 0.41200545702592084, "support": 450}, "18.0": {"precision": 0.18867924528301888, "recall": 0.11527377521613832, "f1-score": 0.14311270125223616, "support": 347}, "19.0": {"precision": 0.13333333333333333, "recall": 0.056074766355140186, "f1-score": 0.07894736842105263, "support": 107}, "20.0": {"precision": 0.2558139534883721, "recall": 0.138801261829653, "f1-score": 0.17995910020449898, "support": 317}, "21.0": {"precision": 0.2903225806451613, "recall": 0.13846153846153847, "f1-score": 0.18750000000000003, "support": 195}, "22.0": {"precision": 0.34176029962546817, "recall": 0.41954022988505746, "f1-score": 0.37667698658410737, "support": 870}, "23.0": {"precision": 0.1694915254237288, "recall": 0.07556675062972293, "f1-score": 0.10452961672473868, "support": 397}, "24.0": {"precision": 0.40230991337824834, "recall": 0.711287577992059, "f1-score": 0.5139344262295082, "support": 3526}, "25.0": {"precision": 0.37020316027088035, "recall": 0.2578616352201258, "f1-score": 0.303985171455051, "support": 636}, "26.0": {"precision": 0.2824427480916031, "recall": 0.1522633744855967, "f1-score": 0.19786096256684493, "support": 243}, "27.0": {"precision": 0.2037037037037037, "recall": 0.09821428571428571, "f1-score": 0.1325301204819277, "support": 224}, "28.0": {"precision": 0.3633633633633634, "recall": 0.2391304347826087, "f1-score": 0.28843861740166865, "support": 506}, "29.0": {"precision": 0.1875, "recall": 0.028708133971291867, "f1-score": 0.049792531120331954, "support": 209}, "30.0": {"precision": 0.5872855701311807, "recall": 0.6068821689259646, "f1-score": 0.596923076923077, "support": 959}, "31.0": {"precision": 0.19801980198019803, "recall": 0.09389671361502347, "f1-score": 0.12738853503184713, "support": 213}, "32.0": {"precision": 0.5185185185185185, "recall": 0.13023255813953488, "f1-score": 0.20817843866171004, "support": 215}, "33.0": {"precision": 0.2727272727272727, "recall": 0.058823529411764705, "f1-score": 0.0967741935483871, "support": 357}, "34.0": {"precision": 0.5528455284552846, "recall": 0.48521916411824667, "f1-score": 0.516829533116178, "support": 981}, "35.0": {"precision": 0.10810810810810811, "recall": 0.0273972602739726, "f1-score": 0.04371584699453552, "support": 146}, "36.0": {"precision": 0.6630824372759857, "recall": 0.4805194805194805, "f1-score": 0.5572289156626506, "support": 385}, "37.0": {"precision": 0.08823529411764706, "recall": 0.04285714285714286, "f1-score": 0.057692307692307696, "support": 280}, "38.0": {"precision": 0.4841337907375643, "recall": 0.632847533632287, "f1-score": 0.5485908649173955, "support": 1784}, "39.0": {"precision": 0.14559386973180077, "recall": 0.0987012987012987, "f1-score": 0.11764705882352942, "support": 385}, "40.0": {"precision": 0.2661498708010336, "recall": 0.30654761904761907, "f1-score": 0.28492392807745504, "support": 336}, "41.0": {"precision": 0.2647058823529412, "recall": 0.10227272727272728, "f1-score": 0.14754098360655737, "support": 264}, "accuracy": 0.3790865269889753, "macro avg": {"precision": 0.2797172951718263, "recall": 0.21277199704847233, "f1-score": 0.22741054600850608, "support": 20953}, "weighted avg": {"precision": 0.3505285122137048, "recall": 0.3790865269889753, "f1-score": 0.34707701901412447, "support": 20953}},