{"cls_report": {"0.0": {"precision": 0.2878411910669975, "recall": 0.5550239234449761, "f1-score": 0.3790849673202614, "support": 209}, "1.0": {"precision": 0.17980295566502463, "recall": 0.38219895287958117, "f1-score": 0.24455611390284762, "support": 191}, "2.0": {"precision": 0.13510880155894772, "recall": 0.6582278481012658, "f1-score": 0.22419832929129618, "support": 632}, "3.0": {"precision": 0.2277203348104382, "recall": 0.39046010975094975, "f1-score": 0.2876691027833929, "support": 2369}, "4.0": {"precision": 0.9162228140257435, "recall": 0.6088784012978394, "f1-score": 0.7315819784698535, "support": 13561}, "accuracy": 0.5769956373069214, "macro avg": {"precision": 0.34933921942543034, "recall": 0.5189578470949223, "f1-score": 0.37341809835353035, "support": 16962}, "weighted avg": {"precision": 0.774923770205124, "recall": 0.5769956373069214, "f1-score": 0.6408503498738957, "support": 16962}}, "confusion_matrix": [[116, 18, 47, 12, 16], [18, 73, 70, 18, 12], [15, 43, 416, 92, 66], [46, 69, 668, 925, 661], [208, 203, 1878, 3015, 8257]], "classes": [1, 2, 3, 4, 5], "time_taken": 33.36729431152344}