{"cls_report": {"0.0": {"precision": 0.2647058823529412, "recall": 0.10778443113772455, "f1-score": 0.15319148936170213, "support": 167}, "1.0": {"precision": 0.0, "recall": 0.0, "f1-score": 0.0, "support": 131}, "2.0": {"precision": 0.31666666666666665, "recall": 0.0405982905982906, "f1-score": 0.07196969696969698, "support": 468}, "3.0": {"precision": 0.4175257731958763, "recall": 0.12836767036450078, "f1-score": 0.19636363636363635, "support": 631}, "4.0": {"precision": 0.18181818181818182, "recall": 0.018691588785046728, "f1-score": 0.033898305084745756, "support": 107}, "5.0": {"precision": 0.3181818181818182, "recall": 0.01338432122370937, "f1-score": 0.025688073394495418, "support": 523}, "6.0": {"precision": 0.34448160535117056, "recall": 0.29014084507042254, "f1-score": 0.3149847094801223, "support": 355}, "7.0": {"precision": 0.2619047619047619, "recall": 0.09649122807017543, "f1-score": 0.141025641025641, "support": 114}, "8.0": {"precision": 0.5261044176706827, "recall": 0.3841642228739003, "f1-score": 0.4440677966101695, "support": 341}, "9.0": {"precision": 0.14814814814814814, "recall": 0.0449438202247191, "f1-score": 0.06896551724137931, "support": 89}, "10.0": {"precision": 0.23758628367846804, "recall": 0.60625, "f1-score": 0.34138537833946564, "support": 1760}, "11.0": {"precision": 0.2857142857142857, "recall": 0.027210884353741496, "f1-score": 0.04968944099378882, "support": 147}, "12.0": {"precision": 0.0, "recall": 0.0, "f1-score": 0.0, "support": 148}, "13.0": {"precision": 0.41798941798941797, "recall": 0.6518151815181518, "f1-score": 0.5093488072211476, "support": 606}, "14.0": {"precision": 0.0, "recall": 0.0, "f1-score": 0.0, "support": 125}, "15.0": {"precision": 0.26732673267326734, "recall": 0.11790393013100436, "f1-score": 0.16363636363636364, "support": 229}, "16.0": {"precision": 0.19834710743801653, "recall": 0.03529411764705882, "f1-score": 0.0599250936329588, "support": 680}, "17.0": {"precision": 0.49606299212598426, "recall": 0.28, "f1-score": 0.3579545454545455, "support": 450}, "18.0": {"precision": 0.20512820512820512, "recall": 0.11527377521613832, "f1-score": 0.14760147601476015, "support": 347}, "19.0": {"precision": 0.0, "recall": 0.0, "f1-score": 0.0, "support": 107}, "20.0": {"precision": 0.34328358208955223, "recall": 0.07255520504731862, "f1-score": 0.11979166666666669, "support": 317}, "21.0": {"precision": 0.336283185840708, "recall": 0.19487179487179487, "f1-score": 0.24675324675324672, "support": 195}, "22.0": {"precision": 0.32568402471315094, "recall": 0.4241379310344828, "f1-score": 0.36844732900649024, "support": 870}, "23.0": {"precision": 0.13725490196078433, "recall": 0.05289672544080604, "f1-score": 0.07636363636363637, "support": 397}, "24.0": {"precision": 0.438299343242309, "recall": 0.7192285876347135, "f1-score": 0.5446735395189004, "support": 3526}, "25.0": {"precision": 0.5821917808219178, "recall": 0.13364779874213836, "f1-score": 0.21739130434782608, "support": 636}, "26.0": {"precision": 0.58, "recall": 0.11934156378600823, "f1-score": 0.1979522184300341, "support": 243}, "27.0": {"precision": 0.42857142857142855, "recall": 0.22767857142857142, "f1-score": 0.29737609329446063, "support": 224}, "28.0": {"precision": 0.34915254237288135, "recall": 0.40711462450592883, "f1-score": 0.3759124087591241, "support": 506}, "29.0": {"precision": 0.2857142857142857, "recall": 0.009569377990430622, "f1-score": 0.018518518518518517, "support": 209}, "30.0": {"precision": 0.6375, "recall": 0.5318039624608968, "f1-score": 0.579874928936896, "support": 959}, "31.0": {"precision": 0.0, "recall": 0.0, "f1-score": 0.0, "support": 213}, "32.0": {"precision": 0.32, "recall": 0.18604651162790697, "f1-score": 0.23529411764705885, "support": 215}, "33.0": {"precision": 0.2832699619771863, "recall": 0.4173669467787115, "f1-score": 0.33748584371460927, "support": 357}, "34.0": {"precision": 0.46794871794871795, "recall": 0.5953109072375128, "f1-score": 0.5240017945266936, "support": 981}, "35.0": {"precision": 0.10752688172043011, "recall": 0.0684931506849315, "f1-score": 0.08368200836820082, "support": 146}, "36.0": {"precision": 0.6964285714285714, "recall": 0.3038961038961039, "f1-score": 0.4231464737793852, "support": 385}, "37.0": {"precision": 0.10909090909090909, "recall": 0.02142857142857143, "f1-score": 0.03582089552238806, "support": 280}, "38.0": {"precision": 0.4493695070691632, "recall": 0.6591928251121076, "f1-score": 0.534423994546694, "support": 1784}, "39.0": {"precision": 0.3902439024390244, "recall": 0.04155844155844156, "f1-score": 0.07511737089201878, "support": 385}, "40.0": {"precision": 0.0, "recall": 0.0, "f1-score": 0.0, "support": 336}, "41.0": {"precision": 0.5882352941176471, "recall": 0.03787878787878788, "f1-score": 0.0711743772241993, "support": 264}, "accuracy": 0.38357275807760227, "macro avg": {"precision": 0.3034224071703943, "recall": 0.19481744515144642, "f1-score": 0.20102137470575393, "support": 20953}, "weighted avg": {"precision": 0.37004833833344686, "recall": 0.38357275807760227, "f1-score": 0.3305040612691163, "support": 20953}},