{"cls_report": {"0.0": {"precision": 0.16071428571428573, "recall": 0.47368421052631576, "f1-score": 0.24, "support": 209}, "1.0": {"precision": 0.21487603305785125, "recall": 0.13612565445026178, "f1-score": 0.16666666666666669, "support": 191}, "2.0": {"precision": 0.095471782288646, "recall": 0.6772151898734177, "f1-score": 0.1673509286412512, "support": 632}, "3.0": {"precision": 0.19228253760627861, "recall": 0.3723089911355002, "f1-score": 0.2535940195514663, "support": 2369}, "4.0": {"precision": 0.9206149545772188, "recall": 0.48573114077132956, "f1-score": 0.6359335779107936, "support": 13561}, "accuracy": 0.4729395118500177, "macro avg": {"precision": 0.3167919186488561, "recall": 0.429013037351365, "f1-score": 0.29270903855403557, "support": 16962}, "weighted avg": {"precision": 0.770837489980291, "recall": 0.4729395118500177, "f1-score": 0.5549120742011732, "support": 16962}}, "confusion_matrix": [[99, 8, 83, 12, 7], [17, 26, 124, 16, 8], [31, 15, 428, 99, 59], [71, 25, 897, 882, 494], [398, 47, 2951, 3578, 6587]], "classes": [1, 2, 3, 4, 5], "time_taken": 9.999244213104248}