{"cls_report": {"0.0": {"precision": 0.22382671480144403, "recall": 0.5933014354066986, "f1-score": 0.3250327653997379, "support": 209}, "1.0": {"precision": 0.15543071161048688, "recall": 0.43455497382198954, "f1-score": 0.22896551724137928, "support": 191}, "2.0": {"precision": 0.14007220216606497, "recall": 0.6139240506329114, "f1-score": 0.22810111699000588, "support": 632}, "3.0": {"precision": 0.2347678916827853, "recall": 0.40987758547910513, "f1-score": 0.29853958493466565, "support": 2369}, "4.0": {"precision": 0.9159232827832292, "recall": 0.6057075436914682, "f1-score": 0.7291934839540148, "support": 13561}, "accuracy": 0.5765829501238061, "macro avg": {"precision": 0.3340041606088021, "recall": 0.5314731178064346, "f1-score": 0.3619664937039607, "support": 16962}, "weighted avg": {"precision": 0.7747903227390607, "recall": 0.5765829501238061, "f1-score": 0.6397628393060931, "support": 16962}}, "confusion_matrix": [[124, 24, 39, 12, 10], [18, 83, 62, 16, 12], [34, 51, 388, 86, 73], [63, 87, 589, 971, 659], [315, 289, 1692, 3051, 8214]], "classes": [1, 2, 3, 4, 5], "time_taken": 114.32280111312866}