{"cls_report": {"0.0": {"precision": 0.13333333333333333, "recall": 0.023952095808383235, "f1-score": 0.04060913705583757, "support": 167}, "1.0": {"precision": 0.09375, "recall": 0.04580152671755725, "f1-score": 0.06153846153846154, "support": 131}, "2.0": {"precision": 0.21686746987951808, "recall": 0.15384615384615385, "f1-score": 0.18, "support": 468}, "3.0": {"precision": 0.28824833702882485, "recall": 0.20602218700475436, "f1-score": 0.2402957486136784, "support": 631}, "4.0": {"precision": 0.11267605633802817, "recall": 0.07476635514018691, "f1-score": 0.0898876404494382, "support": 107}, "5.0": {"precision": 0.20075757575757575, "recall": 0.10133843212237094, "f1-score": 0.1346886912325286, "support": 523}, "6.0": {"precision": 0.3564356435643564, "recall": 0.2028169014084507, "f1-score": 0.2585278276481148, "support": 355}, "7.0": {"precision": 0.17989417989417988, "recall": 0.2982456140350877, "f1-score": 0.22442244224422442, "support": 114}, "8.0": {"precision": 0.48739495798319327, "recall": 0.5102639296187683, "f1-score": 0.498567335243553, "support": 341}, "9.0": {"precision": 0.17543859649122806, "recall": 0.11235955056179775, "f1-score": 0.136986301369863, "support": 89}, "10.0": {"precision": 0.3558282208588957, "recall": 0.32954545454545453, "f1-score": 0.3421828908554572, "support": 1760}, "11.0": {"precision": 0.19083969465648856, "recall": 0.17006802721088435, "f1-score": 0.17985611510791366, "support": 147}, "12.0": {"precision": 0.19696969696969696, "recall": 0.08783783783783784, "f1-score": 0.12149532710280375, "support": 148}, "13.0": {"precision": 0.38161209068010077, "recall": 0.5, "f1-score": 0.43285714285714283, "support": 606}, "14.0": {"precision": 0.0, "recall": 0.0, "f1-score": 0.0, "support": 125}, "15.0": {"precision": 0.225, "recall": 0.11790393013100436, "f1-score": 0.15472779369627507, "support": 229}, "16.0": {"precision": 0.17121588089330025, "recall": 0.10147058823529412, "f1-score": 0.12742382271468145, "support": 680}, "17.0": {"precision": 0.49404761904761907, "recall": 0.3688888888888889, "f1-score": 0.4223918575063613, "support": 450}, "18.0": {"precision": 0.19936708860759494, "recall": 0.18155619596541786, "f1-score": 0.19004524886877824, "support": 347}, "19.0": {"precision": 0.28, "recall": 0.06542056074766354, "f1-score": 0.10606060606060605, "support": 107}, "20.0": {"precision": 0.3023255813953488, "recall": 0.12302839116719243, "f1-score": 0.1748878923766816, "support": 317}, "21.0": {"precision": 0.2682926829268293, "recall": 0.16923076923076924, "f1-score": 0.2075471698113208, "support": 195}, "22.0": {"precision": 0.3128531073446328, "recall": 0.5091954022988506, "f1-score": 0.38757655293088367, "support": 870}, "23.0": {"precision": 0.17289719626168223, "recall": 0.09319899244332494, "f1-score": 0.12111292962356791, "support": 397}, "24.0": {"precision": 0.4149027706074686, "recall": 0.6837776517300057, "f1-score": 0.5164399700117812, "support": 3526}, "25.0": {"precision": 0.42289719626168226, "recall": 0.28459119496855345, "f1-score": 0.34022556390977443, "support": 636}, "26.0": {"precision": 0.4024390243902439, "recall": 0.13580246913580246, "f1-score": 0.20307692307692307, "support": 243}, "27.0": {"precision": 0.32558139534883723, "recall": 0.125, "f1-score": 0.1806451612903226, "support": 224}, "28.0": {"precision": 0.3953488372093023, "recall": 0.26877470355731226, "f1-score": 0.31999999999999995, "support": 506}, "29.0": {"precision": 0.15384615384615385, "recall": 0.03827751196172249, "f1-score": 0.06130268199233716, "support": 209}, "30.0": {"precision": 0.493730407523511, "recall": 0.656934306569343, "f1-score": 0.5637583892617449, "support": 959}, "31.0": {"precision": 0.07954545454545454, "recall": 0.03286384976525822, "f1-score": 0.046511627906976744, "support": 213}, "32.0": {"precision": 0.2554347826086957, "recall": 0.2186046511627907, "f1-score": 0.2355889724310777, "support": 215}, "33.0": {"precision": 0.22507552870090636, "recall": 0.4173669467787115, "f1-score": 0.2924435721295388, "support": 357}, "34.0": {"precision": 0.4741613780598368, "recall": 0.5331294597349643, "f1-score": 0.501919385796545, "support": 981}, "35.0": {"precision": 0.28125, "recall": 0.06164383561643835, "f1-score": 0.10112359550561797, "support": 146}, "36.0": {"precision": 0.490521327014218, "recall": 0.5376623376623376, "f1-score": 0.5130111524163569, "support": 385}, "37.0": {"precision": 0.10185185185185185, "recall": 0.039285714285714285, "f1-score": 0.05670103092783506, "support": 280}, "38.0": {"precision": 0.49606299212598426, "recall": 0.5650224215246636, "f1-score": 0.5283018867924529, "support": 1784}, "39.0": {"precision": 0.2, "recall": 0.08571428571428572, "f1-score": 0.12000000000000001, "support": 385}, "40.0": {"precision": 0.2062780269058296, "recall": 0.13690476190476192, "f1-score": 0.16457960644007158, "support": 336}, "41.0": {"precision": 0.25, "recall": 0.11363636363636363, "f1-score": 0.15625, "support": 264}, "accuracy": 0.37536390970266786, "macro avg": {"precision": 0.2729755270693429, "recall": 0.2257559583494077, "f1-score": 0.23179924892375067, "support": 20953}, "weighted avg": {"precision": 0.3454565577880321, "recall": 0.37536390970266786, "f1-score": 0.3447342459382148, "support": 20953}},